,Black-grass,Charlock,Cleavers,Common Chickweed,Common wheat,Fat Hen,Loose Silky-bent,Maize,Scentless Mayweed,Shepherds Purse,Small-flowered Cranesbill,Sugar beet,accuracy,macro avg,weighted avg
precision,0.5862068965517241,0.8372093023255814,1.0,0.9333333333333333,0.8235294117647058,0.6818181818181818,0.8666666666666667,0.6111111111111112,0.9761904761904762,0.8888888888888888,1.0,0.72,0.8189473684210526,0.8270795223875559,0.848452467799156
recall,0.6538461538461539,0.9230769230769231,0.4482758620689655,0.9180327868852459,0.6363636363636364,0.9375,0.8,1.0,0.7884615384615384,0.6956521739130435,0.82,0.9473684210526315,0.8189473684210526,0.7973814579723449,0.8189473684210526
f1-score,0.6181818181818182,0.878048780487805,0.6190476190476191,0.9256198347107439,0.717948717948718,0.7894736842105263,0.832,0.7586206896551725,0.8723404255319148,0.7804878048780488,0.9010989010989011,0.8181818181818181,0.8189473684210526,0.792587507827757,0.8182102319507109
support,26.0,39.0,29.0,61.0,22.0,48.0,65.0,22.0,52.0,23.0,50.0,38.0,0.8189473684210526,475.0,475.0
