,Black-grass,Charlock,Cleavers,Common Chickweed,Common wheat,Fat Hen,Loose Silky-bent,Maize,Scentless Mayweed,Shepherds Purse,Small-flowered Cranesbill,Sugar beet,accuracy,macro avg,weighted avg
precision,0.76,1.0,0.9354838709677419,0.967741935483871,1.0,0.9787234042553191,0.8823529411764706,0.9565217391304348,0.9811320754716981,1.0,1.0,1.0,0.9557894736842105,0.9551629972071279,0.9564532654499042
recall,0.7307692307692307,0.9743589743589743,1.0,0.9836065573770492,0.9090909090909091,0.9583333333333334,0.9230769230769231,1.0,1.0,0.9130434782608695,0.98,1.0,0.9557894736842105,0.9476899505222741,0.9557894736842105
f1-score,0.7450980392156863,0.9870129870129869,0.9666666666666666,0.975609756097561,0.9523809523809523,0.968421052631579,0.9022556390977443,0.9777777777777777,0.9904761904761905,0.9545454545454545,0.98989898989899,1.0,0.9557894736842105,0.9508452921501326,0.9557055999027725
support,26.0,39.0,29.0,61.0,22.0,48.0,65.0,22.0,52.0,23.0,50.0,38.0,0.9557894736842105,475.0,475.0
