,Black-grass,Charlock,Cleavers,Common Chickweed,Common wheat,Fat Hen,Loose Silky-bent,Maize,Scentless Mayweed,Shepherds Purse,Small-flowered Cranesbill,Sugar beet,accuracy,macro avg,weighted avg
precision,0.0,0.33980582524271846,0.47368421052631576,0.6413043478260869,0.4,0.25,0.6060606060606061,0.5,0.5,0.0,0.5666666666666667,0.625,0.5221052631578947,0.4085434713601995,0.45344443628293307
recall,0.0,0.8974358974358975,0.3103448275862069,0.9672131147540983,0.18181818181818182,0.0625,0.9230769230769231,0.6363636363636364,0.19230769230769232,0.0,0.68,0.5263157894736842,0.5221052631578947,0.44811467190136,0.5221052631578947
f1-score,0.0,0.49295774647887325,0.375,0.7712418300653595,0.25000000000000006,0.1,0.7317073170731707,0.56,0.2777777777777778,0.0,0.6181818181818183,0.5714285714285714,0.5221052631578947,0.3956912550837976,0.45135768510366353
support,26.0,39.0,29.0,61.0,22.0,48.0,65.0,22.0,52.0,23.0,50.0,38.0,0.5221052631578947,475.0,475.0
