,Black-grass,Charlock,Cleavers,Common Chickweed,Common wheat,Fat Hen,Loose Silky-bent,Maize,Scentless Mayweed,Shepherds Purse,Small-flowered Cranesbill,Sugar beet,accuracy,macro avg,weighted avg
precision,0.7692307692307693,1.0,1.0,0.9836065573770492,0.7777777777777778,1.0,0.8955223880597015,1.0,1.0,1.0,1.0,1.0,0.9578947368421052,0.9521781243704415,0.9606738238631404
recall,0.7692307692307693,1.0,1.0,0.9836065573770492,0.9545454545454546,0.9166666666666666,0.9230769230769231,0.9545454545454546,1.0,1.0,0.98,0.9736842105263158,0.9578947368421052,0.954613002997386,0.9578947368421052
f1-score,0.7692307692307693,1.0,1.0,0.9836065573770492,0.8571428571428572,0.9565217391304348,0.9090909090909091,0.9767441860465117,1.0,1.0,0.98989898989899,0.9866666666666666,0.9578947368421052,0.952408556215349,0.9586057902055135
support,26.0,39.0,29.0,61.0,22.0,48.0,65.0,22.0,52.0,23.0,50.0,38.0,0.9578947368421052,475.0,475.0
