,Black-grass,Charlock,Cleavers,Common Chickweed,Common wheat,Fat Hen,Loose Silky-bent,Maize,Scentless Mayweed,Shepherds Purse,Small-flowered Cranesbill,Sugar beet,accuracy,macro avg,weighted avg
precision,0.8636363636363636,1.0,0.9666666666666667,1.0,1.0,0.96,0.8840579710144928,0.88,0.9629629629629629,1.0,1.0,0.972972972972973,0.9578947368421052,0.9575247447711218,0.9588183030544587
recall,0.7307692307692307,1.0,1.0,0.9836065573770492,0.9090909090909091,1.0,0.9384615384615385,1.0,1.0,0.8695652173913043,0.98,0.9473684210526315,0.9578947368421052,0.9465718228452221,0.9578947368421052
f1-score,0.7916666666666666,1.0,0.983050847457627,0.9917355371900827,0.9523809523809523,0.9795918367346939,0.9104477611940298,0.9361702127659575,0.9811320754716981,0.9302325581395349,0.98989898989899,0.9599999999999999,0.9578947368421052,0.9505256198250193,0.9573146951768335
support,26.0,39.0,29.0,61.0,22.0,48.0,65.0,22.0,52.0,23.0,50.0,38.0,0.9578947368421052,475.0,475.0
